Time,LC,Sting Pot
51:53.7,0.003309,8.779344
51:54.7,0.00335,8.779322
51:55.7,0.004055,8.779262
51:56.7,0.000285,8.778771